{"cameraMode":{"drawMode":0,"name":"Shaded","section":"Shading Mode"},"sceneLighting":true,"audioPlay":false,"sceneViewState":{"m_AlwaysRefresh":false,"showFog":true,"showSkybox":false,"showFlares":true,"showImageEffects":true,"showParticleSystems":true,"showVisualEffectGraphs":true,"m_FxEnabled":true},"in2DMode":false,"pivot":{"x":-54.70499801635742,"y":12.769999504089356,"z":-12.37600040435791},"rotation":{"x":0.015467486344277859,"y":0.979957103729248,"z":-0.17984150350093842,"w":0.08428296446800232},"size":41.931514739990237,"orthographic":false}