{"cameraMode":{"drawMode":0,"name":"Shaded","section":"Shading Mode"},"sceneLighting":false,"audioPlay":false,"sceneViewState":{"m_AlwaysRefresh":false,"showFog":true,"showSkybox":false,"showFlares":true,"showImageEffects":true,"showParticleSystems":true,"showVisualEffectGraphs":true,"m_FxEnabled":true},"in2DMode":false,"pivot":{"x":10.779146194458008,"y":0.32999932765960696,"z":4.244937419891357},"rotation":{"x":-0.39699533581733706,"y":0.14794078469276429,"z":-0.06499169021844864,"w":-0.9034990668296814},"size":1.0954678058624268,"orthographic":true}