{"cameraMode":{"drawMode":0,"name":"Shaded","section":"Shading Mode"},"sceneLighting":false,"audioPlay":false,"sceneViewState":{"m_AlwaysRefresh":false,"showFog":true,"showSkybox":false,"showFlares":true,"showImageEffects":true,"showParticleSystems":true,"showVisualEffectGraphs":true,"m_FxEnabled":true},"in2DMode":false,"pivot":{"x":4.945549488067627,"y":0.23567739129066468,"z":4.811289310455322},"rotation":{"x":-0.020677415654063226,"y":-0.9316877722740173,"z":0.35869067907333376,"w":-0.0537186898291111},"size":0.5582409501075745,"orthographic":false}